title,link
中华小当家-第01集,https://v.ikanbot.com/play/629030
中华小当家-第02集,https://v.ikanbot.com/play/629030
中华小当家-第03集,https://v.ikanbot.com/play/629030
中华小当家-第04集,https://v.ikanbot.com/play/629030
中华小当家-第05集,https://v.ikanbot.com/play/629030
中华小当家-第06集,https://v.ikanbot.com/play/629030
中华小当家-第07集,https://v.ikanbot.com/play/629030
中华小当家-第08集,https://v.ikanbot.com/play/629030
中华小当家-第09集,https://v.ikanbot.com/play/629030
中华小当家-第10集,https://v.ikanbot.com/play/629030
中华小当家-第11集,https://v.ikanbot.com/play/629030
中华小当家-第12集,https://v.ikanbot.com/play/629030
中华小当家-第13集,https://v.ikanbot.com/play/629030
中华小当家-第14集,https://v.ikanbot.com/play/629030
中华小当家-第15集,https://v.ikanbot.com/play/629030
中华小当家-第16集,https://v.ikanbot.com/play/629030
中华小当家-第17集,https://v.ikanbot.com/play/629030
中华小当家-第18集,https://v.ikanbot.com/play/629030
中华小当家-第19集,https://v.ikanbot.com/play/629030
中华小当家-第20集,https://v.ikanbot.com/play/629030
中华小当家-第21集,https://v.ikanbot.com/play/629030
中华小当家-第22集,https://v.ikanbot.com/play/629030
中华小当家-第23集,https://v.ikanbot.com/play/629030
中华小当家-第24集,https://v.ikanbot.com/play/629030
中华小当家-第25集,https://v.ikanbot.com/play/629030
中华小当家-第26集,https://v.ikanbot.com/play/629030
中华小当家-第27集,https://v.ikanbot.com/play/629030
中华小当家-第28集,https://v.ikanbot.com/play/629030
中华小当家-第29集,https://v.ikanbot.com/play/629030
中华小当家-第30集,https://v.ikanbot.com/play/629030
中华小当家-第31集,https://v.ikanbot.com/play/629030
中华小当家-第32集,https://v.ikanbot.com/play/629030
中华小当家-第33集,https://v.ikanbot.com/play/629030
中华小当家-第34集,https://v.ikanbot.com/play/629030
中华小当家-第35集,https://v.ikanbot.com/play/629030
中华小当家-第36集,https://v.ikanbot.com/play/629030
中华小当家-第37集,https://v.ikanbot.com/play/629030
中华小当家-第38集,https://v.ikanbot.com/play/629030
中华小当家-第39集,https://v.ikanbot.com/play/629030
中华小当家-第40集,https://v.ikanbot.com/play/629030
中华小当家-第41集,https://v.ikanbot.com/play/629030
中华小当家-第42集,https://v.ikanbot.com/play/629030
中华小当家-第43集,https://v.ikanbot.com/play/629030
中华小当家-第44集,https://v.ikanbot.com/play/629030
中华小当家-第45集,https://v.ikanbot.com/play/629030
中华小当家-第46集,https://v.ikanbot.com/play/629030
中华小当家-第47集,https://v.ikanbot.com/play/629030
中华小当家-第48集,https://v.ikanbot.com/play/629030
中华小当家-第49集（新增数据）,https://v.ikanbot.com/play/629030
中华小当家-第50集（新增数据）,https://v.ikanbot.com/play/629030
中华小当家-第51集（新增数据）,https://v.ikanbot.com/play/629030
中华小当家-第52集（大结局）,https://v.ikanbot.com/play/629030
好想告诉你-第00集	https://v.ikanbot.com/play/493155
好想告诉你-第01集	https://v.ikanbot.com/play/493155
好想告诉你-第02集	https://v.ikanbot.com/play/493155
好想告诉你-第03集	https://v.ikanbot.com/play/493155
好想告诉你-第04集	https://v.ikanbot.com/play/493155
好想告诉你-第05集	https://v.ikanbot.com/play/493155
好想告诉你-第06集	https://v.ikanbot.com/play/493155
好想告诉你-第07集	https://v.ikanbot.com/play/493155
好想告诉你-第08集	https://v.ikanbot.com/play/493155
好想告诉你-第09集	https://v.ikanbot.com/play/493155
好想告诉你-第10集	https://v.ikanbot.com/play/493155
好想告诉你-第11集	https://v.ikanbot.com/play/493155
好想告诉你-第12集	https://v.ikanbot.com/play/493155
好想告诉你-第13集	https://v.ikanbot.com/play/493155
好想告诉你-第14集	https://v.ikanbot.com/play/493155
好想告诉你-第15集	https://v.ikanbot.com/play/493155
好想告诉你-第16集	https://v.ikanbot.com/play/493155
好想告诉你-第17集	https://v.ikanbot.com/play/493155
好想告诉你-第18集	https://v.ikanbot.com/play/493155
好想告诉你-第19集	https://v.ikanbot.com/play/493155
好想告诉你-第20集	https://v.ikanbot.com/play/493155
好想告诉你-第21集	https://v.ikanbot.com/play/493155
好想告诉你-第22集	https://v.ikanbot.com/play/493155
好想告诉你-第23集	https://v.ikanbot.com/play/493155
好想告诉你-第24集	https://v.ikanbot.com/play/493155
好想告诉你-第25集	https://v.ikanbot.com/play/493155
头文字D-第01集	https://v.ikanbot.com/play/901952
头文字D-第02集	https://v.ikanbot.com/play/901952
头文字D-第03集	https://v.ikanbot.com/play/901952
头文字D-第04集	https://v.ikanbot.com/play/901952
头文字D-第05集	https://v.ikanbot.com/play/901952
头文字D-第06集	https://v.ikanbot.com/play/901952
头文字D-第07集	https://v.ikanbot.com/play/901952
头文字D-第08集	https://v.ikanbot.com/play/901952
头文字D-第09集	https://v.ikanbot.com/play/901952
头文字D-第10集	https://v.ikanbot.com/play/901952
头文字D-第11集	https://v.ikanbot.com/play/901952
头文字D-第12集	https://v.ikanbot.com/play/901952
头文字D-第13集	https://v.ikanbot.com/play/901952
头文字D-第14集	https://v.ikanbot.com/play/901952
头文字D-第15集	https://v.ikanbot.com/play/901952
头文字D-第16集	https://v.ikanbot.com/play/901952
头文字D-第17集	https://v.ikanbot.com/play/901952
头文字D-第18集	https://v.ikanbot.com/play/901952
头文字D-第19集	https://v.ikanbot.com/play/901952
头文字D-第20集	https://v.ikanbot.com/play/901952
头文字D-第21集	https://v.ikanbot.com/play/901952
头文字D-第22集	https://v.ikanbot.com/play/901952
头文字D-第23集	https://v.ikanbot.com/play/901952
头文字D-第24集	https://v.ikanbot.com/play/901952
头文字D-第25集	https://v.ikanbot.com/play/901952
头文字D-第26集	https://v.ikanbot.com/play/901952
星际牛仔-第01集,https://v.ikanbot.com/play/504346
星际牛仔-第01集,https://v.ikanbot.com/play/504346
星际牛仔-第01集,https://v.ikanbot.com/play/504346
星际牛仔-第01集,https://v.ikanbot.com/play/504346
星际牛仔-第01集,https://v.ikanbot.com/play/504346
星际牛仔-第01集,https://v.ikanbot.com/play/504346
星际牛仔-第01集,https://v.ikanbot.com/play/504346
星际牛仔-第01集,https://v.ikanbot.com/play/504346
星际牛仔-第01集,https://v.ikanbot.com/play/504346
星际牛仔-第01集,https://v.ikanbot.com/play/504346
星际牛仔-第01集,https://v.ikanbot.com/play/504346
星际牛仔-第01集,https://v.ikanbot.com/play/504346
星际牛仔-第01集,https://v.ikanbot.com/play/504346
星际牛仔-第01集,https://v.ikanbot.com/play/504346
星际牛仔-第01集,https://v.ikanbot.com/play/504346
星际牛仔-第01集,https://v.ikanbot.com/play/504346
星际牛仔-第01集,https://v.ikanbot.com/play/504346
星际牛仔-第01集,https://v.ikanbot.com/play/504346
星际牛仔-第01集,https://v.ikanbot.com/play/504346
星际牛仔-第01集,https://v.ikanbot.com/play/504346
星际牛仔-第01集,https://v.ikanbot.com/play/504346
星际牛仔-第01集,https://v.ikanbot.com/play/504346
星际牛仔-第01集,https://v.ikanbot.com/play/504346
星际牛仔-第01集,https://v.ikanbot.com/play/504346
星际牛仔-第01集,https://v.ikanbot.com/play/504346
星际牛仔-第01集,https://v.ikanbot.com/play/504346
机动警察-第01集,https://v.ikanbot.com/play/446211
机动警察-第02集,https://v.ikanbot.com/play/446211
机动警察-第03集,https://v.ikanbot.com/play/446211
机动警察-第04集,https://v.ikanbot.com/play/446211
机动警察-第05集,https://v.ikanbot.com/play/446211
机动警察-第06集,https://v.ikanbot.com/play/446211
机动警察-第07集,https://v.ikanbot.com/play/446211
机动警察-第08集,https://v.ikanbot.com/play/446211
机动警察-第09集,https://v.ikanbot.com/play/446211
机动警察-第10集,https://v.ikanbot.com/play/446211
机动警察-第11集,https://v.ikanbot.com/play/446211
机动警察-第12集,https://v.ikanbot.com/play/446211
机动警察-第13集,https://v.ikanbot.com/play/446211
机动警察-第14集,https://v.ikanbot.com/play/446211
机动警察-第15集,https://v.ikanbot.com/play/446211
机动警察-第16集,https://v.ikanbot.com/play/446211
机动警察-第17集,https://v.ikanbot.com/play/446211
机动警察-第18集,https://v.ikanbot.com/play/446211
机动警察-第19集,https://v.ikanbot.com/play/446211
机动警察-第20集,https://v.ikanbot.com/play/446211
机动警察-第21集,https://v.ikanbot.com/play/446211
机动警察-第22集,https://v.ikanbot.com/play/446211
机动警察-第23集,https://v.ikanbot.com/play/446211
机动警察-第24集,https://v.ikanbot.com/play/446211
机动警察-第25集,https://v.ikanbot.com/play/446211
机动警察-第26集,https://v.ikanbot.com/play/446211
机动警察-第27集,https://v.ikanbot.com/play/446211
机动警察-第28集,https://v.ikanbot.com/play/446211
机动警察-第29集,https://v.ikanbot.com/play/446211
机动警察-第30集,https://v.ikanbot.com/play/446211
机动警察-第31集,https://v.ikanbot.com/play/446211
机动警察-第32集,https://v.ikanbot.com/play/446211
机动警察-第33集,https://v.ikanbot.com/play/446211
机动警察-第34集,https://v.ikanbot.com/play/446211
机动警察-第35集,https://v.ikanbot.com/play/446211
机动警察-第36集,https://v.ikanbot.com/play/446211
机动警察-第37集,https://v.ikanbot.com/play/446211
机动警察-第38集,https://v.ikanbot.com/play/446211
机动警察-第39集,https://v.ikanbot.com/play/446211
机动警察-第40集,https://v.ikanbot.com/play/446211
机动警察-第41集,https://v.ikanbot.com/play/446211
机动警察-第42集,https://v.ikanbot.com/play/446211
机动警察-第43集,https://v.ikanbot.com/play/446211
机动警察-第44集,https://v.ikanbot.com/play/446211
机动警察-第45集,https://v.ikanbot.com/play/446211
机动警察-第46集,https://v.ikanbot.com/play/446211
机动警察-第47集,https://v.ikanbot.com/play/446211

